"Name","Category","Location","Phone Number"
"Црква Св. Димитриј","place_of_worship","","Skopje"
"Sv.Atanasij","place_of_worship","","Chelopek"
"Св. Климент и Пантелејмон","place_of_worship","","Ohrid"
"Јени Џамија","place_of_worship","","Bitola"
"Исак Џамија","place_of_worship","","Bitola"
"Св. Димитриј Солунски","place_of_worship","","Bitola"
"Католичка црква Пресвето срце Исусово","place_of_worship","","Skopje"
"Султан Муратова џамија","place_of_worship","","Skopje"
"Иса-бегова џамија","place_of_worship","","Skopje"
"Алаџа-џамија","place_of_worship","","Skopje"
"Јаја-пашина џамија","place_of_worship","","Skopje"
"Манастир Св. Пантелејмон","place_of_worship","","Gorno Nerezi"
"Црква Св. Ѓорги","place_of_worship","","Nov Dojran"
"Св. Богородица","place_of_worship","","Gjavato"
"Свети Никола","place_of_worship","","Kumanovo"
"Света Троица","place_of_worship","","Kumanovo"
"Sv. Petka-Kuckovo","place_of_worship","","Kuchkovo"
"Sv. Nedela-Kuckovo","place_of_worship","","Kuchkovo"
"Sv. Krstovden-Kuckovo","place_of_worship","","Kuchkovo"
"Татар Синан Бег џамија","place_of_worship","","Kumanovo"
"Св. Кирил и Методиј","place_of_worship","",""
"Мустафа-пашина џамија","place_of_worship","","Skopje"
"Света Богородица - Матка","place_of_worship","","Matka"
"Св. Архангел Михаил","place_of_worship","","Skopje"
"Соборен храм Свети Климент Охридски","place_of_worship","","Skopje"
"Пресв. Богородица","place_of_worship","","Skopje"
"Св. Ѓорѓи","place_of_worship","","Skopje"
"Св. Јован Крстител","place_of_worship","","Skopje"
"Св. Георгиј","place_of_worship","","Skopje"
"Св. Спас","place_of_worship","","Skopje"
"Марков Манастир","place_of_worship","","Markova Sushica"
"Св. Димитрија","place_of_worship","","Markova Sushica"
"Св. Петка","place_of_worship","","Mlado Nagorichane"
"Евагелистичка Методистичка Црква","place_of_worship","","Skopje"
"Манастир „Свети Наум“","place_of_worship","","Lubanishta"
"Свети Илија","place_of_worship","","Skopje"
"Ѓуришки Манастир","place_of_worship","","Krushica"
"Св. Јоаким Осоговски","place_of_worship","",""
"Св. Архангел Михаил","place_of_worship","","Dreveno"
"Манастир Св. Богородица","place_of_worship","","Pobozhje"
"Манастир Св. Никола","place_of_worship","","Brodec"
"Манастир Добра Вода","place_of_worship","","Orizari"
"Манастир Св. Пантелејом","place_of_worship","","Leshki"
"Манастир Раѓање на Пресвета Богородица","place_of_worship","","Manastirec"
"Манастир Св. Петка","place_of_worship","","Kalauzlija"
"Манастир Св. Архангели","place_of_worship","","Pobozhje"
"Манастир Св. Архангели","place_of_worship","","Pobozhje"
"Џамија Ајдар Кади","place_of_worship","","Bitola"
"Св. Софија","place_of_worship","","Ohrid"
"Св. Архангел Михаил","place_of_worship","","Vrutok"
"Св. Спас","place_of_worship","","Alinci"
"Св. Ѓорѓија","place_of_worship","","Deljadrovci"
"Црква „Св. Петар“","place_of_worship","",""
"Црква „Св. Димитриј“","place_of_worship","",""
"Св. Никола","place_of_worship","","Kadino Selo"
"Св. Илија","place_of_worship","","Slavej"
"Св. Троица","place_of_worship","",""
"Св. Димитриј Солунски","place_of_worship","","Oreovec"
"Св. Димитриј Солунски","place_of_worship","","Krivogashtani"
"Св. Теодор Тирон","place_of_worship","","Krivogashtani"
"Пресв. Богородица","place_of_worship","","Krivogashtani"
"Св. Николај","place_of_worship","","Krivogashtani"
"Свети Никола","place_of_worship","",""
"Преображение Христово","place_of_worship","","Mogilec"
"Пресвета Богородица","place_of_worship","","Bitola"
"Св. Недела","place_of_worship","","Bitola"
"Манастир Св. Архангел Михаил","place_of_worship","","Skochivir"
"Св. Илија","place_of_worship","","Strumica"
"Св. Константин и Елена","place_of_worship","","Veselchani"
"Св. Петка","place_of_worship","",""
"Света Богородица","place_of_worship","","Lubanishta"
"Свети Атанасиј","place_of_worship","","Lubanishta"
"Свети Илија","place_of_worship","","Dragosh"
"Остречка Џамија","place_of_worship","","Ostrec"
"Чарши Џамија","place_of_worship","","Prilep"
"Св. Јован Крстител","place_of_worship","","Prisad"
"Св. Петар и Павле","place_of_worship","","Skopje"
"Св. Злата Мегленска","place_of_worship","","Grcec"
"Husein Shah","place_of_worship","","Grcec"
"Св. Спас","place_of_worship","","Orman"
"Св. Јован Крстител","place_of_worship","",""
"Црвка Свети Никола","place_of_worship","",""
"Успение на Пресвета Богородица","place_of_worship","",""
"Манастир Св. Илија","place_of_worship","","Banjane"
"Манастир Св. Христофор","place_of_worship","","Krstoar"
"Св. Еремија","place_of_worship","","Skopje"
"Sulltan Bejazit","place_of_worship","","Kichevo"
"Камена","place_of_worship","","Debreshte"
"Црква Св. Кузман и Дамјан - Триангла","place_of_worship","","Skopje"
"Св. Атанас","place_of_worship","","Matka"
"Св. Јован Канео","place_of_worship","","Ohrid"
"Пештерна Црква ""Св. Богородица"" - Калишта","place_of_worship","","Kalishta"
"Св. Преображение","place_of_worship","","Lokov"
"Св. Никола","place_of_worship","","Pashino Ruvci"
"Шарена Џамија","place_of_worship","","Tetovo"
"ana","place_of_worship","","Gjavato"
"Црква ""Пресвета Богородица""","place_of_worship","","Gostivar"
"Св.Спас","place_of_worship","","Drachevo"
"Црква „Св. Григориј Палама и Димитриј“","place_of_worship","","Strumica"
"Џамија Центар Жировница","place_of_worship","","Zhirovnica"
"Саат Џамија;Bey Mahala","place_of_worship","","Gostivar"
"Dzamija Dolno Maalo","place_of_worship","","Zhirovnica"
"Dzamija Gorno Maalo","place_of_worship","","Zhirovnica"
"Црква ""Свети Ѓорѓија""","place_of_worship","","Zdunje"
"Црква ""Свети Ѓорѓија""","place_of_worship","","Debreshe"
"Xhamia e Kadrit","place_of_worship","","Gostivar"
"Црква ""Свети Никола""","place_of_worship","","Mirdita"
"Црква ""Св. Јован Крстител""","place_of_worship","","Novo Selo"
"Црква ""Св. Никола""","place_of_worship","","Cerovo"
"Црква ""Св. Богородица""","place_of_worship","","Sretkovo"
"Црква Св. Атанасиј","place_of_worship","","Brvenica"
"Црква Свети Никола - Геракомија","place_of_worship","","Ohrid"
"Св. Спас","place_of_worship","","Veles"
"Св. Атанасиј","place_of_worship","","Novoselani"
"Xhamia e Loke","place_of_worship","","Chegrane"
"Xhamia në dalje të Çegranit","place_of_worship","","Chegrane"
"Араста-џамија","place_of_worship","","Skopje"
"Црква „Св. Никола“","place_of_worship","","Tenovo"
"Стара џамија во Теново","place_of_worship","","Tenovo"
"Нова џамија во Теново","place_of_worship","","Tenovo"
"Алипашина џамија","place_of_worship","","Ohrid"
"Света Богородица Болничка","place_of_worship","","Ohrid"
"Света Троица","place_of_worship","","Podvis"
"Св. Атанасиј Велики","place_of_worship","","Godivle"
"Св. Константин и Елена","place_of_worship","","Prilep"
"Св. Архангел Михаил","place_of_worship","","Prilep"
"Св. Богородица","place_of_worship","","Prilep"
"Св. Димитрија","place_of_worship","","Prilep"
"Св. Недела","place_of_worship","","Dolneni"
"Св. Илија","place_of_worship","","Dolneni"
"Св. Георгиј","place_of_worship","","Crnilishte"
"Св. Никола","place_of_worship","","Slepche"
"Св. Петар и Павле","place_of_worship","","Prilep"
"Св. Никола","place_of_worship","","Prilep"
"Св. Петка","place_of_worship","","Lenishta"
"Св. Илија","place_of_worship","","Strovija"
"Св. Недела","place_of_worship","","Strovija"
"Св. Илија","place_of_worship","","Zrze"
"Успение на Пресвета Богородица","place_of_worship","","Zrze"
"Св. Атанасиј","place_of_worship","","Debreshte"
"Св. Троица","place_of_worship","","Ropotovo"
"Еврејска заедница во Република Македонија","place_of_worship","","Skopje"
"Св. Георгиј","place_of_worship","","Slivnica"
"Св. Великомаченик Георгиј","place_of_worship","","Staro Nagorichane"
"Св. Јован Крстител","place_of_worship","","Rostushe"
"Манастир Св. Ѓорѓи","place_of_worship","","Oraovica"
"Црква Св. Кирил и Методиј и Св. Бенедикт","place_of_worship","","Ohrid"
"Св. Константин и Елена","place_of_worship","","Vratnica"
"Чебренски Манастир","place_of_worship","","Rapesh"
"Св. Атанасиј","place_of_worship","","Staravina"
"Св. Јован Крстител","place_of_worship","","Dzvegor"
"Света Троица","place_of_worship","","Bardovci"
"Пресвета Богородица","place_of_worship","",""
"Тулбе","place_of_worship","",""
"Турбе на Иса-бег","place_of_worship","","Skopje"
"Црква Св. Атанасиј","place_of_worship","","Kremenica"
"Kınalı Camii","place_of_worship","","Kremenica"
"Св. Спас","place_of_worship","","Gevgelija"
"Покров на Пресвета Богородица","place_of_worship","","Prilep"
"Рождество на Пресвета Богородица","place_of_worship","","Kadino Selo"
"Св. Атанасиј","place_of_worship","","Galichani"
"Св.Талалеј","place_of_worship","","Arachinovo"
"Св. Јован Крстител","place_of_worship","","Skopje"
"Св. Меркуриј","place_of_worship","","Bareshani"
"Св. Димитриј","place_of_worship","","Bareshani"
"Св. Никола","place_of_worship","","Bistrica"
"Св. Никола","place_of_worship","","Sarandinovo"
"Св. Георгиј","place_of_worship","","Novoselani"
"Св. Богородица","place_of_worship","","Mazhuchishte"
"Св. Троица","place_of_worship","","Golemo Konjari"
"Св. Пантелејмон","place_of_worship","","Beshishte"
"Св. Димитриј","place_of_worship","","Ново Село"
"Св. Богородица","place_of_worship","","Ново Село"
"Св. Спас","place_of_worship","","Ново Село"
"Св. Недела","place_of_worship","","Veles"
"Манастир „Свети Димитрија“","place_of_worship","","Veles"
"Св. Константин и Елена","place_of_worship","","Monospitovo"
"Протестантска црква","place_of_worship","","Monospitovo"
"Света Петка","place_of_worship","","Sogle"
"Св. Димитрија","place_of_worship","","Gostivar"
"Рождество на Пресвета Богородица","place_of_worship","","Shtavica"
"Св. Димитриј Солунски","place_of_worship","","Trap"
"Св. Атанасиј","place_of_worship","","Pashino Ruvci"
"Св. Георгиј","place_of_worship","","Pashino Ruvci"
"Св. Петка","place_of_worship","","Voinovikj"
"Св.Никола","place_of_worship","","Ново Село"
"Св. Георгиј","place_of_worship","","Belovodica"
"Св. Никола","place_of_worship","","Belovodica"
"Св. Никола","place_of_worship","","Rashtani"
"Св. Арханѓел","place_of_worship","","Ново Село"
"Кадан Ана Џамија","place_of_worship","","Ново Село"
"Св. Архангел Михаил","place_of_worship","","Ново Село"
"Св. Атанасиј","place_of_worship","","Sarakjino"
"Пресвета Богородица","place_of_worship","","Sarakjino"
"св. Тројица","place_of_worship","","Banjane"
"Црква Свети Димитриј","place_of_worship","",""
"Xhamia e Cairit","place_of_worship","","Skopje"
"Xhamia e Uhudit","place_of_worship","","Skopje"
"Хаџиќазимова џамија","place_of_worship","","Skopje"
"Кебир Мехмед Челеби џамија","place_of_worship","","Skopje"
"Св. Богородица","place_of_worship","","Tetovo"
"Нова Џамија","place_of_worship","","Tetovo"
"Св. Недела","place_of_worship","","Tetovo"
"Св. Никола","place_of_worship","","Tetovo"
"Xhamia e Vogël","place_of_worship","","Skopje"
"Арабати баба-теќе","place_of_worship","","Tetovo"
"Св. Благовештение","place_of_worship","","Prilep"
"Sveto Prepolovenie Rusa Sreda","place_of_worship","","Batinci"
"св. Софија аеродром","place_of_worship","","Skopje"
"Црква Свети Никола - Аеродром","place_of_worship","","Skopje"
"Рождество на Пресвета Богородица","place_of_worship","","Malo Konjari"
"Xhamia e Re","place_of_worship","","Kumanovo"
"Св. Георгиј","place_of_worship","","Prisad"
"Св. Никола","place_of_worship","","Vogjani"
"Пресвета Богородица Перивлепта","place_of_worship","","Ohrid"
"Евангелска Конгрешанска Црква","place_of_worship","","Skopje"
"Манастир Св. Илија","place_of_worship","","Dzvegor"
"Рождество на Пресвета Богородица","place_of_worship","","Bosilovo"
"Св. Илија","place_of_worship","","Veselchani"
"Успение на Пресвета Богородица","place_of_worship","",""
"Св. Јован Крстител","place_of_worship","","Oreovec"
"Св. Кузман и Дамјан","place_of_worship","","Pletvar"
"Св. Павле","place_of_worship","",""
"Св. Никола","place_of_worship","",""
"Св. Димитриј","place_of_worship","",""
"Св. Георгиј","place_of_worship","",""
"Св. Никола","place_of_worship","","Carev Dvor"
"Манастир Св. Недела","place_of_worship","","Draslajca"
"Св. Архангел Миахил","place_of_worship","","Kalen"
"Ајдар-пашина џамија","place_of_worship","","Ohrid"
"Света Богородица Пандонос","place_of_worship","","Ohrid"
"Црква Свети 40 Севастиски Маченици","place_of_worship","","Ohrid"
"Св. Никола Чудотворец","place_of_worship","","Ohrid"
"Св. Петка","place_of_worship","","Novo Lagovo"
"Св. Пантелејмон","place_of_worship","","Veles"
"Св. Кирил и Методиј","place_of_worship","","Veles"
"Црна Џамија","place_of_worship","","Veles"
"Успение на Пресвета Богородица","place_of_worship","","Veles"
"Св.Илија","place_of_worship","","Ново Село"
"Џамија Хусамедин Паша","place_of_worship","","Ново Село"
"Св. Никола","place_of_worship","",""
"Света Великомаченичка Недела","place_of_worship","","Dolno Konjsko"
"En-Nur Mosque","place_of_worship","","Bukovikj"
"SV Petka","place_of_worship","","Divlje"
"Манастир Св. Петка с. Бродец","place_of_worship","","Volkovija"
"Храм Св. Троица","place_of_worship","","Belica"
"Кешанли џамија","place_of_worship","","Ohrid"
"Sv. Bogorodica","place_of_worship","","Nemanjici"
"Св. Никола","place_of_worship","","Shtavica"
"Св. Георгиј","place_of_worship","","Buchin"
"Св. Архангел Михаил","place_of_worship","","Lokvica"
"Св. Илија","place_of_worship","","Kalen"
"Св. Недела","place_of_worship","","Dunje"
"Св. Петар и Павле","place_of_worship","","Dunje"
"Св. Георгиј","place_of_worship","","Dunje"
"Св. Преображение","place_of_worship","",""
"Св. Илија","place_of_worship","",""
"Св. Георгиј","place_of_worship","","Ostrilci"
"Св. Никола","place_of_worship","","Berovci"
"Св. Недела","place_of_worship","","Drugovo"
"Св. Петка","place_of_worship","","Gostirazhni"
"Св. Атанасиј Велики","place_of_worship","","Drenovci"
"Св. Спас","place_of_worship","","Prilep"
"Св. Атанасиј","place_of_worship","","Lenishta"
"Св. Преображение","place_of_worship","","Prilep"
"Св. Троица","place_of_worship","","Rosoman"
"Манастир Свети Ѓорѓи - Кнежино","place_of_worship","","Knezhino"
"Свети Димитрија","place_of_worship","","Knezhino"
"Св. Архангел Михаил","place_of_worship","",":Lavchani"
"Св. Никола","place_of_worship","","Zheleznec"
"Св. Петка","place_of_worship","","Prilep"
"Св. Атанасиј","place_of_worship","","Zheleznec"
"Рождество на Пресвета Богородица","place_of_worship","","Barakovo"
"Св. Никола","place_of_worship","","Belche"
"Св. Богородица - Пречиста Кичевска","place_of_worship","","Manastirsko Dolenci"
"Св. Георгиј","place_of_worship","","Zashle"
"Св. Константин и Св. Елена","place_of_worship","","Edinakovci"
"Свети Архангел Михаил","place_of_worship","","Pretor"
"Gorno Orizari Mosque","place_of_worship","","Gorno Orizari"
"Laka Mosque","place_of_worship","","Skopje"
"Taftalidzhe Mosque","place_of_worship","","Skopje"
"Halit Efendi Mosque","place_of_worship","","Slupchane"
"Св. Јован","place_of_worship","",""
"Балаклија","place_of_worship","","Boishte"
"Св. Никола","place_of_worship","","Sloeshtica"
"Св. Петар","place_of_worship","","Smilevo"
"Св. Атанасиј","place_of_worship","","Sopotnica"
"Успение на Пресвета Богородица","place_of_worship","","Lopatica"
"Црква „Свети Никола“","place_of_worship","",""
"Света Лидија Македонска","place_of_worship","",""
"Sveta Bogorodica","place_of_worship","","Gari"
"Св. Тодор","place_of_worship","","Sveto Todori"
"Св. Илија","place_of_worship","","Krklino"
"Св. Архангел Михаил","place_of_worship","","Lisolaj"
"Св. Ана","place_of_worship","","Oleveni"
"Св. Петка","place_of_worship","","Oleveni"
"Св. Атанасиј Велики","place_of_worship","","Oleveni"
"Св. Илија","place_of_worship","","Oleveni"
"Св. Георгиј","place_of_worship","","Velushina"
"Св. Атанасиј Велики","place_of_worship","","Lavci"
"Св. Петка","place_of_worship","","Prilep"
"Св. Илија","place_of_worship","","Prilep"
"Св. Димитриј Солунски","place_of_worship","","Prilep"
"Џамија Дуди Ханум","place_of_worship","","Kochani"
"Св. Варнава","place_of_worship","","Lukovo"
"Св. Атанасиј","place_of_worship","","Usje"
"Св. Димитриј Солунски","place_of_worship","","Bezovo"
"Св. Илија","place_of_worship","","Golemo Ilino"
"Св. Наум Охридски","place_of_worship","","Prilep"
"Св. Преображение","place_of_worship","","Zrze"
"Св. Петар и Св. Павле","place_of_worship","","Zrze"
"Св. Атанасиј","place_of_worship","","Shtrbovo"
"Св. Димитриј Солунски","place_of_worship","","Shtrbovo"
"Успение на Пресвета Богородица","place_of_worship","","Jankovec"
"Св. Игнатиј Богоносец","place_of_worship","","Jankovec"
"Св. Наум Охридски","place_of_worship","",""
"Св. Илија","place_of_worship","","Grnchari"
"Св. Петар и Св. Павле","place_of_worship","","Gorno Perovo"
"Св. Недела","place_of_worship","","Pokrvenik"
"Св. Петка","place_of_worship","","Gjavato"
"Св. Петар и Св. Павле","place_of_worship","","Podmochani"
"Св. Троица","place_of_worship","","Topolchani"
"Успение на Пресвета Богородица","place_of_worship","","Novaci"
"Св. Атанасиј","place_of_worship","","Veleselo"
"Св. Димитриј Солунски","place_of_worship","","Budimirci"
"Св. Троица","place_of_worship","","Dolneni"
"Манастир Св. Харалампие","place_of_worship","",""
"Св. Атанасиј","place_of_worship","",""
"Св. Василиј Велики","place_of_worship","",""
"Св. Никола","place_of_worship","","Dabnishte"
"Saint Varvara","place_of_worship","","Ohrid"
"Св. Троица","place_of_worship","","Dolno Lisiche"
"Св. Троица","place_of_worship","","Dolno Lisiche"
"Св. Спас","place_of_worship","","Noshpal"
"Св. Атанасиј","place_of_worship","","Nikodin"
"Рождество на Пресвета Богородица","place_of_worship","","Toplica"
"Св. Троица","place_of_worship","","Toplica"
"Св. Георгиј","place_of_worship","","Alinci"
"Св. Димитриј Солунски","place_of_worship","","Melnica"
"Св. Никола","place_of_worship","","Shtavica"
"Св. Георгиј","place_of_worship","","Beshishte"
"Св. Петка","place_of_worship","","Beshishte"
"Св. Димитриј Солунски","place_of_worship","","Trojaci"
"Св. Георгиј","place_of_worship","","Trojaci"
"Св. Недела","place_of_worship","",""
"Св. Архангел Михаил","place_of_worship","","Vrpsko"
"Св. Димитриј Солунски","place_of_worship","","Gugjakovo"
"Св. Архангел Михаил","place_of_worship","","Bitola"
"Св. Петар и Павле","place_of_worship","","Vitolishte"
"Св. Петка","place_of_worship","","Vitolishte"
"Св. Димитириј Солунски","place_of_worship","","Trojaci"
"Св. Спас","place_of_worship","","Topolchani"
"Св. Никола","place_of_worship","","Toplica"
"Св. Георгиј","place_of_worship","","Dunje"
"Св. Петка","place_of_worship","","Dunje"
"Св. Илија","place_of_worship","","Kalen"
"Св. Димитриј Солунски","place_of_worship","","Podmol"
"Св. Спас","place_of_worship","","Melnica"
"Св. Димитриј Солунски","place_of_worship","","Shtavica"
"Св. Атанасиј","place_of_worship","","Prisad"
"Св. Атанасиј","place_of_worship","","Toplica"
"Успение на Пресвета Богородица","place_of_worship","","Prilep"
"Св. Кирил и Методиј","place_of_worship","","Prilep"
"Св. Пантелејмон","place_of_worship","","Prilep"
"Воскресение Христово","place_of_worship","","Berovci"
"Св. Никола","place_of_worship","","Lopatica"
"Рождение на Пресвета Богородица","place_of_worship","","Shtavica"
"Св. Спас","place_of_worship","","Alinci"
"Св. Никола","place_of_worship","","Manastir"
"Св. Никола","place_of_worship","","Dren"
"Св. Илија","place_of_worship","","Dren"
"Св. Архангел Михаил","place_of_worship","","Dunje"
"Св. Параскева","place_of_worship","","Beshishte"
"Св. Јован","place_of_worship","","Bonche"
"Св. Јован Богослов","place_of_worship","","Bonche"
"Св. Димитриј Солунски","place_of_worship","","Veprchani"
"Св. Петка","place_of_worship","","Veprchani"
"Св. Илија","place_of_worship","","Melnica"
"Св. Спас","place_of_worship","","Dunje"
"Св. Харалампиј","place_of_worship","","Vitolishte"
"Св. Атанасиј","place_of_worship","","Vitolishte"
"Св. Петка","place_of_worship","","Vitolishte"
"Св. Никола","place_of_worship","","Prilep (Vicinity)"
"Св. Димитриј Солунски","place_of_worship","","Dunje"
"Св. Никола","place_of_worship","","Dobrushevo"
"Успение на Пресвета Богородица","place_of_worship","","Kanatlarci"
"Св. Спас","place_of_worship","","Kalen"
"Св. Спас","place_of_worship","","Kalen"
"Св. Архангел Михаил","place_of_worship","","Klepach"
"Св. Никола","place_of_worship","","Pletvar"
"Рождество на Пресвета Богородица","place_of_worship","","Toplica"
"Св. Атанасиј","place_of_worship","","Zhitoshe"
"Стара Џамија","place_of_worship","","Zhitoshe"
"Св. Спас","place_of_worship","","Lokov"
"Св. Петка","place_of_worship","","Lokov"
"Св. Петка","place_of_worship","","Beshishte"
"Св. Петар","place_of_worship","","Skochivir"
"Св. Спас","place_of_worship","","Rogachevo"
"Св. Спас","place_of_worship","","Rogachevo"
"Св. Илија","place_of_worship","","Rogachevo"
"Св. Архангел Михаил","place_of_worship","","Rogachevo"
"Св. Петка и Св. Недела","place_of_worship","","Rogachevo"
"Св. Петка","place_of_worship","","Vratnica"
"Св. Петка","place_of_worship","","Skopje"
"Пресвета Богородица","place_of_worship","","Peshtalevo"
"Св. Петка","place_of_worship","","Prilep"
"Црква Св. Варвара","place_of_worship","","Vevchani"
"Св. Георгиј","place_of_worship","","Vevchani"
"Св. Недела","place_of_worship","","Rzhanovo"
"Св. Василиј","place_of_worship","","Jastrebnik"
"Свети Климент","place_of_worship","","Ohrid"
"Долна џамија","place_of_worship","","Crnilishte"
"Горна џамија","place_of_worship","","Crnilishte"
"Св. Богородица","place_of_worship","",""
"Св. Атанасиј Велики","place_of_worship","","Bitola"
"Собор на Сите Македонски Светители","place_of_worship","","Bitola"
"Св. Петар и Св. Павле / Собор на Светите Апостоли","place_of_worship","","Bitola"
"Св. Пантелејмон","place_of_worship","","Bitola"
"Св. Атанасиј Велики","place_of_worship","","Leshok"
"Пресвета Богородица","place_of_worship","","Leshok"
"Св. Петка","place_of_worship","","Neproshteno"
"Св. Петар и Павле","place_of_worship","","Kichevo"
"Sveti Nikola Bolnički","place_of_worship","","Ohrid"
"Црква „Св. Апостоли Петар и Павле“","place_of_worship","","Skopje"
"Манастир Св.Илија Петти Кладенци","place_of_worship","","Shopsko Rudare"
"Џамија Мустафа Челеби","place_of_worship","",""
"Манастир Св. Арханѓел Гаврил","place_of_worship","","Zelenikovo"
"Св. Јован Крстител","place_of_worship","","Sarandinovo"
"Св. Никола","place_of_worship","","Podvis"
"Св. Атанасиј Велики","place_of_worship","","Gostirazhni"
"Пресвета Богородица","place_of_worship","","Prilep (Vicinity)"
"Св. Георгиј","place_of_worship","","Debreshte"
"Баталоска","place_of_worship","","Debreshte"
"Долна","place_of_worship","","Debreshte"
"Св. Троица","place_of_worship","","Desovo"
"Св. Спас","place_of_worship","","Dolneni"
"Св. Теодор Тирон","place_of_worship","","Drenovci"
"Св. Атанасиј Велики","place_of_worship","","Beranci"
"Св. Атанасиј","place_of_worship","","Ropotovo"
"Св. Архангел Михаил","place_of_worship","","Ropotovo"
"Нова Џамија","place_of_worship","","Zhitoshe"
"Св. Атанасиј Велики","place_of_worship","","Gorno Selo"
"Св. Никола","place_of_worship","","Zrze"
"Рождество на Пресвета Богородица","place_of_worship","","Kostinci"
"Св. Димитриј Солунски","place_of_worship","","Debreshte"
"Св. Никола","place_of_worship","","Zhitoshe"
"Св. Атанасиј Велики","place_of_worship","","Zhitoshe"
"Нова Џамија","place_of_worship","","Lazhani"
"Стара Џамија","place_of_worship","","Lazhani"
"Св. Никола","place_of_worship","","Lazhani"
"Св. Троица","place_of_worship","","Lokveni"
"Св. Никола","place_of_worship","","Prilep (Vicinity)"
"Св. Георгиј","place_of_worship","","Sarandinovo"
"Св. Атанасиј","place_of_worship","","Sekirci"
"Св. Атанасиј Велики","place_of_worship","","Senokos"
"Св. Атанасиј","place_of_worship","","Zrze"
"Воведение на Пресвета Богородица","place_of_worship","","Ropotovo"
"Св. Пантелејмон","place_of_worship","","Prisad"
"Пресвето Срце Исусово","place_of_worship","","Bitola"
"Храм Свети Климент Охридски и Света Петка","place_of_worship","","Ново Село"
"Црква Св. Никола Летен","place_of_worship","","Mavrovo"
"Xhamia Hixhri","place_of_worship","","Negotino"
"Xhamia e Madhe","place_of_worship","","Negotino"
"Xhamia e Kalishtit","place_of_worship","","Toplica"
"Xhamia e Gjurgjevishtit","place_of_worship","","Negotino"
"Св. Никола","place_of_worship","","Vrboec"
"Успение на Пресвета Богородица","place_of_worship","","Vrboec"
"Св. Троица","place_of_worship","","Trojaci"
"Св. Петка","place_of_worship","","Kavadarci"
"Св. Кирил и Методиј","place_of_worship","","Gevgelija"
"Св. Атанасиј Велики","place_of_worship","","Negotino"
"Св. Јован Крстител","place_of_worship","","Veles"
"Св. Димитриј","place_of_worship","","Kavadarci"
"Свети Апостол и евангелист Лука","place_of_worship","",""
"Св. Три Светители","place_of_worship","","Skopje"
"Св. Архангел Гаврил","place_of_worship","","Skopje"
"Xhamija e Deshmoreve Hasanbeg","place_of_worship","",""
"Св. Петка","place_of_worship","","Veles"
"Св. Никола","place_of_worship","","Veles"
"Св. Јован Крстител","place_of_worship","","Veles"
"Св. Константин и Св. Елена","place_of_worship","","Bitola"
"Св. Ана","place_of_worship","","Bitola"
"Св. Наум Охридски","place_of_worship","","Bitola"
"Св. 40. Севастиски маченици","place_of_worship","","Bitola"
"Св. Злата Мегленска","place_of_worship","","Bitola"
"Св. Георгиј Победоносец","place_of_worship","","Rajchica"
"Св. Никола","place_of_worship","","Carev Dvor"
"Св. Георгиј","place_of_worship","","Lazarovci"
"Орта џамија","place_of_worship","","Strumica"
"Св. Кирил и Методиј","place_of_worship","","Strumica"
"Св. Ѓорѓи","place_of_worship","",""
"Хаџимуратова џамија","place_of_worship","",""
"Хаџирамаданова џамија","place_of_worship","",""
"Св. Јован Крстител","place_of_worship","","Beranci"
"Св. Константин и Св. Елена","place_of_worship","","Beranci"
"Црква „Св. Архангел Михаил“","place_of_worship","","Podbgege"
"Св. Архангел Гаврил","place_of_worship","","Bitola"
"Св. Александар Солунски","place_of_worship","","Bitola"
"Св. Лидија Македонска","place_of_worship","","Bitola"
"Св. Никола","place_of_worship","","Bitola"
"Црква Св. Никола","place_of_worship","","Podbgege"
"Црква Св. Теодор Тирон","place_of_worship","","Janchishte"
"Св. Атанасиј Велики","place_of_worship","","Kukurechani"
"Св. Кирил и Методиј","place_of_worship","","Loznani"
"Св. Спас","place_of_worship","","Skopje"
"Св. Никола","place_of_worship","","Skopje"
"Св. Константин и Елена","place_of_worship","","Skopje"
"Св. Илија","place_of_worship","","Meglenci"
"Св. Никола","place_of_worship","","Suvo Dol"
"Успение на Пресвета Богородица","place_of_worship","","Gjavato"
"Света Троица","place_of_worship","","Bitola"
"Црква „Преображение“","place_of_worship","","Kochani"
"Св. Наум Охридски - Чудотворец","place_of_worship","","Lisec"
"Св. Атанасиј","place_of_worship","","Tetovo"
"Св. Атанасиј Велики","place_of_worship","","Orizari"
"Манастир Св. Ѓорѓија","place_of_worship","","Kuchkovo"
"Sv. Mala Bogorodica","place_of_worship","","Kuchkovo"
"Manastir Sv. Spas","place_of_worship","","Kavadarci"
"Манастир Св. Архангел Михаил","place_of_worship","",""
"Црква Рождество на Пресв. Богородица","place_of_worship","",""
"Sv. Dimitrija","place_of_worship","","Vrben"
"Св. Богородица","place_of_worship","",""
"Св. Архангел Гаврил","place_of_worship","","Skopje"
"Св.Петка","place_of_worship","",""
"Кокино","place_of_worship","","Kokino"
"Св.Тројца","place_of_worship","",""
"Св. Недела","place_of_worship","","Obleshevo"
"Џамија Хаџи-Дургут","place_of_worship","","Ohrid"
"Св. Архангел Михаил","place_of_worship","",""
"Манастир Св. 40 Маченици","place_of_worship","","Orman"
"Св. Атанас","place_of_worship","","Kuchkovo"
"Crkva Sv.Tripun","place_of_worship","","Kuchkovo"
"Св. Петка","place_of_worship","","Volkovo"
"Св. Атанас","place_of_worship","","Volkovo"
"Sv. Krstovden","place_of_worship","","Kuchkovo"
"Sv. Spas-Kuckovo","place_of_worship","","Kuchkovo"
"Џамија Никиштане","place_of_worship","","Volkovo"
"Св. Никита","place_of_worship","","Banjane"
"Sv.Petka-Kuckovo","place_of_worship","","Kuchkovo"
"Evangelic-Methodist Church","place_of_worship","","Koleshino"
"Св. Илија","place_of_worship","","Brajchino"
"Црква Св. Ѓoрѓијa","place_of_worship","","Ohrid"
"Манастир Св. Андреј","place_of_worship","","Matka"
"Св. Никола","place_of_worship","","Shishevo"
"с.в Наум Охридски","place_of_worship","","Radishani"
"Света Петка","place_of_worship","","Skopje"
"Св. Илија","place_of_worship","","Kuchkovo"
"Св. Богородица","place_of_worship","","Saramzalino"
"Св. Богородица","place_of_worship","",""
"Св. Талалеј","place_of_worship","",""
"Манастир Св. Никола","place_of_worship","",""
"Manastir Sveta Bogorodica","place_of_worship","","Vetersko"
"Hayati Baba Teqe","place_of_worship","","Kichevo"
"Çulu Baba Teqe","place_of_worship","","Kichevo"
"Balla Mëhalla","place_of_worship","","Kichevo"
"Св. Стефан","place_of_worship","","Shipokno"
"Св. Преображение","place_of_worship","","Skochivir"
"Manastir Sveti Jovan","place_of_worship","","Vetersko"
"Св. Архангел Михаил","place_of_worship","","Kumanovo"
"Успение на Пресвета Богородица","place_of_worship","",""
"Св. Симеон Столпник","place_of_worship","","Kostin Dol"
"Теодор Тирон","place_of_worship","",""
"Св.Петка","place_of_worship","","Drachevo"
"Католичка црква","place_of_worship","","Strumica"
"Црква „Рождество на Пресвета Богородица“ - Ново Лисиче","place_of_worship","","Skopje"
"Црква „Св. Великомаченик Георгиј“","place_of_worship","","Skopje"
"Црква „Св. Апостоли Петар и Павле“","place_of_worship","","Skopje"
"Sv. Mina","place_of_worship","","Konjsko"
"Зејнел Абидин-пашина џамија","place_of_worship","","Ohrid"
"Црква „Св. Недела“ - Теново","place_of_worship","","Tenovo"
"Manastir Svetka Petka","place_of_worship","","Viniche"
"Манастир Св. Богородица Елеуса","place_of_worship","","Veljusa"
"Манастир Св. Леонтиј","place_of_worship","","Vodocha"
"Sveta Petka","place_of_worship","","Gostivar"
"Manastir Sveta petka","place_of_worship","","Capari"
"Црква „Рождество на Пресвета Богородица“","place_of_worship","","Skopje"
"Св. Мина","place_of_worship","","Vrutok"
"Св. Атанасиј","place_of_worship","","Gorno Jelovce"
"Црква Св. Николе","place_of_worship","","Mavrovo"
"Св. Јован Крстител","place_of_worship","","Dzvegor"
"Св. Богородица Балаклија - манастир","place_of_worship","",""
"Џамија - Султан Фатих Мехмет II","place_of_worship","",""
"Св. Наум","place_of_worship","",""
"Св. Климент Охридски","place_of_worship","",""
"Св. Петка","place_of_worship","",""
"Св. Ѓорги","place_of_worship","","Star Istevnik"
"Св. Пантелејмон","place_of_worship","",""
"Св.Пантелејмон","place_of_worship","","Brest"
"св. Петка","place_of_worship","",""
"Св. Јован Крстител","place_of_worship","",""
"џа́мија","place_of_worship","","Toplica"
"џа́мија","place_of_worship","","Debreshe"
"Church","place_of_worship","","Vrapchishte"
"џа́мија","place_of_worship","","Dobri Dol"
"Крст","place_of_worship","","Skopje"
"Св.Илија","place_of_worship","","Jankovec"
"џа́мија","place_of_worship","","Vrapchishte"
"Џамиа","place_of_worship","","Pirok"
"Св. Никола","place_of_worship","","Jankovec"
"Манастир Света Петка","place_of_worship","","Velgoshti"
"Dzamija","place_of_worship","","Dolno Palchishte"
"Dzamija","place_of_worship","","Kamenjane"
"Dzamija","place_of_worship","","Kamenjane"
"Dzamija","place_of_worship","","Bogovinje"
"Ss. Cyril and Methodius – Црква Св.Кирил и Методиј","place_of_worship","","Mavrovi Anovi"
"Sveti Spas","place_of_worship","","Matka"
"Манастир Св. 15 Маченици","place_of_worship","","Strumica"
"Св. Никола","place_of_worship","","Velgoshti"
"Sveta Nedela","place_of_worship","","Matka"
"Св. Архангел Михаил","place_of_worship","","Ohrid"
"Св. Троица","place_of_worship","","Bitola"
"Свети Тројца Архиереи","place_of_worship","","Racha"
"Свети Атанасиј Велики Архиепископ Александриски","place_of_worship","","Ramne"
"Црква „Свети Илија„","place_of_worship","","Gorno Lakocherej"
"Црква „Свети Спас“","place_of_worship","","Gorno Lakocherej"
"Св. Ѓорѓија","place_of_worship","","Petrovec"
"Св. Ѓорѓи","place_of_worship","","Garvan"
"Sveti Spas","place_of_worship","","Viniche"
"Assumption of Mary","place_of_worship","",""
"Свети Пантелејмон","place_of_worship","","Veles"
"Свети Јован Крстител","place_of_worship","","Skopje"
"Св. Ѓорѓија","place_of_worship","","Chiflik"
"Св. Никола","place_of_worship","",""
"Св. Кирил и Методиј","place_of_worship","","Stenje"
"Св. Богородица Захумска","place_of_worship","","Trpejca"
"Црква св. Jован","place_of_worship","","German"
"Св. Ѓорѓи","place_of_worship","","Lazaropole"
"Haci Balaban 1440","place_of_worship","","Skopje"
"Mosque","place_of_worship","","Skopje"
"Mosque","place_of_worship","","Dlapkin Dol"
"Christijanski Zentar","place_of_worship","","Skopje"
"Church","place_of_worship","","Pesochani"
"Евангелско Методистичка Црква","place_of_worship","","Strumica"
"Свети Илија","place_of_worship","","Star Dojran"
"Православна црква ""Свети Илија""","place_of_worship","",""
"Св. Спас","place_of_worship","","Oktisi"
"Свети Атанас","place_of_worship","","Nizhepole"
"Свети Спас","place_of_worship","","Bitola"
"Свети Димитриј","place_of_worship","","Brusnik"
"Света Ана","place_of_worship","","Gjavato"
"Св. Петка","place_of_worship","","Bitola"
"Св. Петка","place_of_worship","","Nizhepole"
"Црква Рождество на Пресвета Богородица и Света Петка","place_of_worship","","Ohrid"
"Св. Кирил и Методиј","place_of_worship","","Leshok"
"Црква Св. Петка","place_of_worship","","Greshnica"
"Света Борогодица Челница","place_of_worship","","Ohrid"
"Saint Joachim Osogovski","place_of_worship","",""
"Мали Свети Врачи - Св. Кузман и Дамјан","place_of_worship","","Ohrid"
"Manastir Svetog Ilije","place_of_worship","","Velgoshti"
"Muslim mosque","place_of_worship","","Voinovikj"
"4 Halifët","place_of_worship","","Kichevo"
"Bela Kula","place_of_worship","","Kichevo"
"Teqja  ""ADËR BABA""","place_of_worship","","Kichevo"
"Muftinia e Kërçovës","place_of_worship","","Kichevo"
"Свети Апостол и евангелист Лука","place_of_worship","",""
"Црква Св. Никол","place_of_worship","","Kichinica"
"Евангелска црква Струга","place_of_worship","",""
"Св. Атанасиј Велики","place_of_worship","","Podvis"
"Успение на Пресвета Богородица","place_of_worship","",""
"Sveti Nikola","place_of_worship","","Nova Breznica"
"Sedlarevo Mosque","place_of_worship","","Sedlarevo"
"Gurgurnica Mosque","place_of_worship","","Gurgurnica"
"St. John Kaneo","place_of_worship","","Ohrid"
"Ali Pasha Mosque","place_of_worship","","Ohrid"
"Sveti Spiridon","place_of_worship","","Staro Selo"
"Nur","place_of_worship","","Plasnica"
"Xhamia Alikurtaj","place_of_worship","","Greshnica"
"Св. Спас","place_of_worship","",""
"Св. Архангел Михаил","place_of_worship","","Sopotnica"
"Стоби","археолошки наоѓалишта","043251088","Велес"
"Скупи","археолошки наоѓалишта","023096167","Скопје"
"НУ Завод и музеј-Охрид","археолошки наоѓалишта музеи заштита на културни добра","046231300","Охрид"
"Хераклеа Линкестис","археолошки наоѓалишта","047235329","Битола"
"Залив на коските Плоча Миќов Град","археолошки наоѓалишта","046231300","Охрид"
"Аквадукт","археолошки наоѓалишта","","Скопје"
"Тумба Маџари","археолошки наоѓалишта","","Скопје"
"Тврдина Кале","археолошки наоѓалишта","","Скопје"
"Капан Ан","археолошки наоѓалишта","","Скопје"
"Куршумли Ан","археолошки наоѓалишта","","Скопје"
"Сули Ан","археолошки наоѓалишта","","Скопје"
"Тауресиум","археолошки наоѓалишта","","Скопје"
"Самоилова тврдина","археолошки наоѓалишта","","Охрид"
"Гробница на Синан Челеби","археолошки наоѓалишта","","Охрид"
"Орбита","museum","048413165","Прилеп"
"Јавор","museum","076469540","Кавадарци"
"Јехони","museum","071753911","Кичево"
"Џепчиште-најмалиот етнолошки музеј во светот","museum","070555165","Тетово"
"Агриа продавница 4","museum","072212947","Велес"
"Ал-би","museum","070708937","Демир Хисар"
"Амако","museum","070207950","Битола"
"Археолошки Музеј на Република Северна Македонија","museum","023233999","Скопје"
"Бамбус","museum","070434208","Кичево"
"Благоја Луличевски-Железничарот","museum","070773090","Скопје"
"Блаце","museum","070690714","Скопје"
"Бомат графикс","museum","023161819","Скопје"
"Брвнара Фром Лика","museum","075290936","Куманово"
"Вез Дизајн","museum","070938988","Велес"
"Вендита","museum","043417012","Кавадарци"
"Вивадент","museum","048412820","Прилеп"
"Вински музеј","museum","075288427","Кавадарци"
"Вкус","museum","070923272","Кавадарци"
"Воен Музеј","museum","023118421","Скопје"
"Градски музеј","museum","076337467","Крива Паланка"
"Грачан Трејд","museum","070243784","Скопје"
"Грижо Ас","museum","078350880","Кавадарци"
"Д-р Мирчев","museum","075656373","Неготино"
"Д-р Панче Зафиров","museum","043220579","Велес"
"Де Фемили Шоп","museum","071225944","Кичево"
"Дико текс","museum","078458710","Кичево"
"Дом на културата Димитар Беровски","museum","033471146","Берово"
"Еми Медикус","museum","043410440","Кавадарци"
"Еуро-99","museum","071233714","Кичево"
"Завод за заштита на споменици на културата","museum","032392044","Штип"
"Завод за заштита на спомениците на културата и Музеј","museum","034345925","Струмица"
"Завод и музеј","museum","078362378","Битола"
"Западна Македонија во Н.О.В.","museum","045222949","Кичево"
"Збирка на реткости Филип","museum","047286666","Битола"
"Илирија","museum","071226546","Кичево"
"Историски музеј","museum","048477126","Крушево"
"Историски музеј-Илинденско Востание","museum","070619597","Крушево"
"Каспер","museum","075324887","Кавадарци"
"Книго-промет","museum","045223465","Кичево"
"Кондо 2 Мирен сон","museum","075274490","Прилеп"
"Кузман Јосифовски Питу","museum","048401090","Прилеп"
"Леарница","museum","070356621","Крушево"
"Македониум","museum","071382721","Крушево"
"Мат Стар","museum","023224350","Скопје"
"Меморијален музејски комплекс во с.Врановци","museum","043231434","Велес"
"Меморијален центар на холокаустот на Евреите на Македонија","museum","023298025","Скопје"
"Мими","museum","048413165","Прилеп"
"Мире ЛПГ","museum","048424017","Прилеп"
"Музелов Ванчо","museum","026092876","Скопје"
"Музеј Теракота","museum","033361646","Виница"
"Музеј д-р Никола Незлобински","museum","046786644","Струга"
"Музеј на НОВ","museum","075202123","Крушево"
"Музеј на Република Северна Македонија","museum","023116044","Скопје"
"Музеј на албанска азбука","museum","076299008","Битола"
"Музеј на виното","museum","043366502","Демир Капија"
"Музеј на град Кратово","museum","031482015","Кратово"
"Музеј на град Неготино","museum","043361712","Неготино"
"Музеј на град Скопје","museum","023114742","Скопје"
"Музеј на македонската борба за самостојност","museum","023256668","Скопје"
"Музеј на олдтајмери","museum","075957440","Неготино"
"Музеј на современа уметност","museum","023117734","Скопје"
"Музеј на тетовскиот крај","museum","044338902","Тетово"
"Музеј на тетовскиот крај ЦК КПМ","museum","044336077","Тетово"
"Музеј на тутун","museum","048401090","Прилеп"
"Музеј-галерија","museum","043413470","Кавадарци"
"Музејска продавница","museum","023129323","Скопје"
"НУ Завод и музеј-Охрид","museum","046231300","Охрид"
"Народен музеј","museum","032443610","Свети Николе"
"Народен музеј","museum","043231434","Велес"
"Национален Конзерваторски Центар","museum","023227240","Скопје"
"Национална установа завод за заштита на спомениците на култура и музеј","museum","048401090","Прилеп"
"Национална установа музеј Гевгелија","museum","034218673","Гевгелија"
"Национална установа музеј Куманово","museum","031422495","Куманово"
"Николов Борис","museum","043222306","Велес"
"Нуркачки центар-Амфора","museum","070700865","Охрид"
"Природонаучен музеј","museum","023117669","Скопје"
"Пулс Општа Медицина","museum","043227333","Велес"
"Рубин козметика","museum","070870500","Кичево"
"Рустика","museum","070212114","Охрид"
"Св. Архангел Михаил","museum","","Берово"
"Св.Николај","museum","032393240","Штип"
"Св.Спас","museum","023163812","Скопје"
"Силвер-м","museum","071236660","Кичево"
"Смилевски Конгрес","museum","022633954","Скопје"
"Спомен дом Блаже Конески","museum","075240948","Прилеп"
"Спомен куќа Тоше Проески","museum","048477888","Крушево"
"Спомен куќа на Васил Главинов","museum","043231434","Велес"
"Спомен куќа на Коста Солев Рацин","museum","043231434","Велес"
"Спомен куќа на Мајка Тереза","museum","023290674","Скопје"
"Спомен куќа на народниот херој Страшо Пинџур","museum","043413470","Кавадарци"
"Споменик Пајонска свештеничка","museum","","Скопје"
"Споменик на Ѓорѓија Пулевски","museum","","Скопје"
"Таим","museum","070254910","Кавадарци"
"Уни банка АТМ","museum","","Скопје"
"Ураниа","museum","075362000","Охрид"
"Участак","museum","075240948","Прилеп"
"Хеар шоп","museum","078706666","Скопје"
"Хераклеа Линкестис","museum","047235329","Битола"
"Центар","museum","071358186","Кичево"
"Цуцули Гезим","museum","070223058","Кичево"
